{"cameraMode":{"drawMode":0,"name":"Shaded","section":"Shading Mode"},"sceneLighting":true,"audioPlay":false,"sceneViewState":{"m_AlwaysRefresh":false,"showFog":true,"showSkybox":true,"showFlares":true,"showImageEffects":true,"showParticleSystems":true,"showVisualEffectGraphs":true,"m_FxEnabled":true},"in2DMode":false,"pivot":{"x":21.295543670654298,"y":-4.308210372924805,"z":-6.730670928955078},"rotation":{"x":0.22141821682453156,"y":-0.06723055243492127,"z":0.015304435975849629,"w":0.9727431535720825},"size":13.943143844604493,"orthographic":false}