{"cameraMode":{"drawMode":0,"name":"Shaded","section":"Shading Mode"},"sceneLighting":true,"audioPlay":false,"sceneViewState":{"m_AlwaysRefresh":false,"showFog":true,"showSkybox":true,"showFlares":true,"showImageEffects":true,"showParticleSystems":true,"showVisualEffectGraphs":true,"m_FxEnabled":true},"in2DMode":false,"pivot":{"x":-1.4106273651123047,"y":-2.8024611473083498,"z":-26.380281448364259},"rotation":{"x":0.06437496095895767,"y":-0.7925831079483032,"z":0.08497722446918488,"w":0.6003895998001099},"size":11.843955993652344,"orthographic":false}